,CompetitionId,RewardQuantity,TotalTeams,TotalSubmissions,subs_per_team
count,108.0,97.0,108.0,108.0,108.0
mean,15782.833333333334,59000.0,901.3148148148148,15575.37037037037,13.347865261509536
std,9850.90067659739,182100.51883048913,863.5748634746145,19993.61698123641,7.784954564692201
min,3486.0,0.0,18.0,27.0,1.0
25%,6852.5,0.0,241.25,1703.0,6.929352678571428
50%,13707.0,25000.0,648.5,7184.0,12.600704225352112
75%,23198.25,50000.0,1306.0,21066.5,18.941418233947026
max,37333.0,1500000.0,3900.0,101845.0,33.674893617021276
