dataset,time,energy(kWh),CO2eq(g),distance(km),epochs,class_epochs
isic,1:37:40,0.338987,32.058499,0.298219,4,11
breast,0:31:18,0.119732,4.190629,0.038983,4,8
chest,1:15:20,0.260203,9.107116,0.084717,4,12
knee,0:49:39,0.201474,7.353786,0.068407,4,6
thyroid,0:14:25,0.009719,0.874699,0.008137,4,4