dataset,time,energy(kWh),CO2eq(g),distance(km),epochs,class_epochs
isic,1:34:43,0.063648,2.764155,0.025713,4,7
breast,0:22:41,0.014810,1.443971,0.013432,4,10
chest,0:51:27,0.033632,3.497739,0.032537,4,11
knee,0:35:19,0.023113,2.126414,0.019781,4,5
thyroid,0:21:09,0.014226,0.633041,0.005889,4,6