training_file,time,energy(kWh),CO2eq(g),distance(km)
cait_pretraining,40:02:47,14.000048,1126.210028,10.476372
f1_pretraining,59:35:21,21.515517,1024.948272,9.534403
f3_pretraining,111:11:54,40.128676,1194.298670,11.109755
l1_pretraining,57:05:03,13.748647,631.333879,5.872873
l1b_pretraining,55:31:01,13.242581,334.029285,3.107249
l2_pretraining,79:07:25,18.763335,516.337360,4.803138
n_cf2_pretraining,54:57:12,13.148518,431.759478,4.016367
