training_file,time,energy(kWh),CO2eq(g),distance(km)
n_cf11,8:13:32,0.974343,42.493534,0.395289
n_cf11_1,37:45:51,2.893969,168.435306,1.566840
n_cf11_9,7:01:21,0.947560,50.139455,0.466414
n_cf11_10,9:12:03,1.159221,34.338704,0.319430
n_cf11_6,9:57:29,2.654301,107.277989,0.997935
n_cf11_7,8:51:50,1.425256,58.111582,0.540573
n_cf11_rot1,4:22:35,0.853726,33.062484,0.307558
