training_file,time,energy(kWh),CO2eq(g),distance(km)
n_cf11,1:38:42,0.194869,9.520723,0.088565
n_cf11_1,7:33:10,0.578794,25.746986,0.239507
n_cf11_9,1:24:16,0.189512,10.865354 ,0.101073
n_cf11_10,1:50:25,0.231844,8.607216 ,0.080067
n_cf11_rot1,,,,
n_cf11_6,,,,
n_cf11_7,,,,