training_file,time,energy(kWh),CO2eq(g),distance(km)
n_cf11,8:13:32,0.974343,42.493534,0.395289
n_cf11_1,37:45:51,2.893969,168.435306,1.566840
n_cf11_9,7:01:21,0.947560,50.139455,0.466414
n_cf11_10,9:12:03,1.159221,34.338704,0.319430
n_cf11_rot1,,,,
n_cf11_6,,,,
n_cf11_7,,,,